{
  "project_info": {
    "project_number": "317700521969",
    "firebase_url": "https://acttofit-default-rtdb.firebaseio.com",
    "project_id": "acttofit",
    "storage_bucket": "acttofit.appspot.com"
  },
  "client": [
    {
      "client_info": {
        "mobilesdk_app_id": "1:317700521969:android:999abd452a1ad7827b4e50",
        "android_client_info": {
          "package_name": "com.ensias.healthcareapp"
        }
      },
      "oauth_client": [
        {
          "client_id": "317700521969-bfb8l7o4jufrs0ks8lgihs8uj24sofdg.apps.googleusercontent.com",
          "client_type": 3
        }
      ],
      "api_key": [
        {
          "current_key": "AIzaSyCpN_j5exKAv6tZw9-0L3LsIGdnHighBuY"
        }
      ],
      "services": {
        "appinvite_service": {
          "other_platform_oauth_client": [
            {
              "client_id": "317700521969-bfb8l7o4jufrs0ks8lgihs8uj24sofdg.apps.googleusercontent.com",
              "client_type": 3
            }
          ]
        }
      }
    },
    {
      "client_info": {
        "mobilesdk_app_id": "1:317700521969:android:cde491bc589c21017b4e50",
        "android_client_info": {
          "package_name": "com.example.healthcare"
        }
      },
      "oauth_client": [
        {
          "client_id": "317700521969-bfb8l7o4jufrs0ks8lgihs8uj24sofdg.apps.googleusercontent.com",
          "client_type": 3
        }
      ],
      "api_key": [
        {
          "current_key": "AIzaSyCpN_j5exKAv6tZw9-0L3LsIGdnHighBuY"
        }
      ],
      "services": {
        "appinvite_service": {
          "other_platform_oauth_client": [
            {
              "client_id": "317700521969-bfb8l7o4jufrs0ks8lgihs8uj24sofdg.apps.googleusercontent.com",
              "client_type": 3
            }
          ]
        }
      }
    },
    {
      "client_info": {
        "mobilesdk_app_id": "1:317700521969:android:ee6db6118cc80fe67b4e50",
        "android_client_info": {
          "package_name": "com.example.loginregister"
        }
      },
      "oauth_client": [
        {
          "client_id": "317700521969-bfb8l7o4jufrs0ks8lgihs8uj24sofdg.apps.googleusercontent.com",
          "client_type": 3
        }
      ],
      "api_key": [
        {
          "current_key": "AIzaSyCpN_j5exKAv6tZw9-0L3LsIGdnHighBuY"
        }
      ],
      "services": {
        "appinvite_service": {
          "other_platform_oauth_client": [
            {
              "client_id": "317700521969-bfb8l7o4jufrs0ks8lgihs8uj24sofdg.apps.googleusercontent.com",
              "client_type": 3
            }
          ]
        }
      }
    }
  ],
  "configuration_version": "1"
}